Ad campaign,Impressions,Clicks, Total spent on ad campaign ,Total leads,CTR,CPC,CPL
Facebook,15000,450,315.00,54,3,0.7,5.833333333
Google search,20985,314,95,76,1.496306886,0.302547771,1.25
Bing search,85019,983,275,83,1.156212141,0.279755849,3.313253012
Google display,10453,765,114,103,7.318473166,0.149019608,1.106796117
Google YouTube,20875,497,112,95,2.380838323,0.225352113,1.178947368
